percentage,infected_mean,infected_median,infected_max,infected_min,fatalities_mean,fatalities_median,fatalities_max,fatalities_min
0.99,2.853785,2.832226,5.136213,0.863014,0.025058,0.000000,0.594096,0.000000
0.95,3.037410,3.000000,7.058385,0.863014,0.034719,0.000000,0.718593,0.000000
0.9,3.609092,3.208279,10.135009,0.863014,0.041647,0.000000,0.730405,0.000000
0.8,5.266170,3.760135,23.879112,0.863014,0.112174,0.000000,1.747950,0.000000
0.7,20.197870,5.809249,82.528432,0.863014,2.275829,0.000000,15.589010,0.000000
0.6,111.878985,133.403026,245.752403,0.863014,17.059999,16.019040,53.358198,0.000000
0.5,214.157565,249.549533,316.695859,0.863014,35.358853,40.106918,60.288941,0.000000
0.25,301.328569,324.126251,385.180540,0.863014,53.177196,56.240769,73.220819,0.000000
0.0,352.682061,367.650449,425.766523,0.863014,61.767985,63.253165,93.613760,0.000000
