percentage,infected_mean,infected_median,infected_max,infected_min,fatalities_mean,fatalities_median,fatalities_max,fatalities_min
0.99,3.473908,3.635939,7.023256,1.232852,0.048642,0.000000,0.658071,0.000000
0.95,3.859328,3.842897,10.247676,1.232852,0.077602,0.000000,0.953382,0.000000
0.9,4.618960,3.997561,13.157057,1.232852,0.097354,0.000000,0.891288,0.000000
0.8,12.943307,7.050346,63.564498,1.321705,0.845327,0.000000,8.118828,0.000000
0.7,139.069549,162.917395,345.494189,1.321705,20.411735,22.174644,53.866640,0.000000
0.6,280.156276,298.578427,411.016647,1.408213,40.716985,43.039758,65.619501,0.000000
0.5,335.857386,347.810648,437.867500,1.408213,49.293533,50.202457,79.248424,0.000000
0.25,417.007969,425.595966,504.476087,1.952321,60.019697,59.596081,84.434805,0.519448
0.0,460.948766,462.776090,533.529233,371.018104,64.990389,65.338266,92.672046,49.504359
